Name	Location	label
	 Uttarakhand. 	-1
	 district,  Chamoli 	-1
 evening.  28  December 	 Uttarakhand 	1
 p.m.,  4.45 	 district,  Chamoli  hilly 	1
 6.  December  of  night 	 Uttarakhand 	1
	 Rudraprayag, 	-1
		-1
 afternoon.  Friday 	 district  Raigad  in  Pali 	1
	 Pali 	-1
		-1
		-1
	 Delhi.  New 	-1
	 night,  Thursday  station  Delhi  New 	-1
		-1
 10.45pm  and  10.30pm 	 13,  number  platform 	1
	 Seyhan:  Turkey’s  in  station  police 	-1
	 Turkey.  southern  in  town  a  in  station  police 	-1
 Thursday. 	 province  Adana  in  Seyhan,  of  town 	1
	 Petersburg.  St  Russia's  in  supermarket 	-1
 evening,  Wednesday 	 Petersburg  St  of  city  Russian  the  in  supermarket 	1
		-1
		-1
	 Jammu and Kashmir. 	-1
 5,  January 	 Kashmir  and  Jammu 	1
 5.  January 		"-1
"
		-1
 today. 	 Panchkula  in  Phase-II,  Area,  Industrial 	1
		-1
	 church  Egypt 	-1
 today, 	 capital  Egypt’s  in  church 	1
		-1
	 area.  Helwan  in  church  Mina  Mar 	-1
	 church,  Cairo  south 	-1
		-1
	 apartment  NY 	-1
	 City,  York  New  Bronx,  The  in  building  apartment 	-1
 Thursday,  on  pm  6.51 	 Zoo,  Bronx  the  near  building 	1
	 apartments.  25  with  building  five-storey  and  floor  first 	-1
	 Syria  northwestern 	-1
	 province,  Idlib  northwestern  Syria's  of  edge 	-1
		-1
	 provinces.  Hama  and  Idlib  straddling 	-1
	 Chicago 	-1
 time,  local  morning  Thursday  on  late 	 Chicago,  Dolton,  in  station  petrol 	1
	 Banihal. 	-1
 Wednesday. 	 Kashmir  and  Jammu 	1
	 Ramban. 	-1
		-1
	 town,  Meerbusch  Germany's 	-1
	 town,  the  in  station  railway 	-1
		-1
	 compound  Mills  Kamla  Mumbai's  pub 	-1
 midnight.  after 	 building  Mumbai  central 	1
 p.m.  12.42 		"-1
"
	 House.  Trade  Kamla  in  located  Above'  '1  called  restaurant 	-1
		-1
	 Mumbai.  Mills  Kamala 	-1
		-1
	 Mumbai. 	-1
	 Sumatra 	-1
		-1
 Sunday. 	 Sumatra,  North 	1
 Monday,  on  early 		"-1
"
	 apartment  City  York  New 	-1
 night  Thursday  late 	 Bronx,  building  apartment 	1
		-1
	 Zoo.  Bronx  the  of  grounds  the  from  block  a  building,  five-story 	-1
 p.m.  7  before 	 floor  first 	1
 2007. 	 Bronx 	1
		-1
 Thursday. 	 Bhangar, 	1
		-1
	 Bhangar. 	-1
		-1
 noon,  12.15 	 crossing,  Ananthapur 	1
 2017,  January 		"-1
"
	 Bihar.  in  factory  sugar 	-1
 night.  Wednesday 	 Bihar  of  district  Gopalganj  in  factory  sugar 	1
 November,  in  Earlier 	 Pradesh.  Uttar  neighbouring  of  Bareli  Rae  in  factory  sugar 	1
		-1
 midnight 	 district  Gopalganj  in  factory  sugar  Musa  Sasa 	1
		-1
		-1
		-1
	 Bihar,  in  station  rail 	-1
 night.  Tuesday  on  late 	 district,  Munger  Bihar’s  in  station  railway  Masudan 	1
		-1
		-1
		-1
	 district  Lakhisarai 	-1
	 Expressway.  Lucknow-Agra 	-1
 morning, 	 Expressway  Lucknow-Agra 	1
		-1
 morning  this  early 	 station,”  police  Bangarmau  under  village  Jogikot  in  Expressway  Agra-Lucknow 	1
		-1
 Wednesday. 	 Lucknow  in  airport  Singh  Charan  Chaudhary 	1
		-1
	 Delhi. 	-1
 Thursday 	 station,  Railway  Delhi  New 	1
 am  6 		"-1
"
		-1
 am  6:25  7,  September 	 Pradesh  Uttar  in  district  Sonbhadra  in  station  Dam  Obra 	1
	 Delhi,  in  Bridge  Minto 	-1
 day.  same 	 Maharashtra  in  Khandala 	1
	 Srinagar 	-1
 morning.  Tuesday  early 	 station  Airforce  the  and  Airport  Srinagar 	1
		-1
		-1
 Tuesday.  on  am  4:30 	 battalion  182  BSF  the  of  campus 	1
		-1
	 California.  Southern 	-1
 Friday 	 firm  law  California  Southern 	1
		-1
	 building  office  two-story 	-1
	 Beach  Long  in  neighborhood  well-to-do  a  in  building 	-1
		-1
	 night  Thursday 	-1
	 suburb  Manila 	-1
		-1
		-1
		-1
		-1
		-1
	 islands  Lakshadweep 	-1
	 islands,  Lakshadweep 	-1
		-1
		-1
	 island  Minicoy 	-1
	 UP 	-1
		-1
 Sunday,  on  dawn 	 station  railway  Pukharayan  the  from  metres  few  a 	1
	 Light  Sanjose 	-1
 Thursday. 	 USA  California,  Jose,  San 	1
 pm  5.30 	 Drive.  Component  and  Street  First  North 	1
		-1
 Tuesday, 	 Airport.  International  Jose  San  Mineta 	1
	 Badrinath 	-1
 today. 	 Uttarakhand  in  Badrinath  of  shrine  Himalayan 	1
		-1
		-1
		-1
 hrs.  0745 		"-1
"
		-1
	 Kabul. 	-1
 Wednesday, 	 Kabul  in  centre  cultural  Shiite 	1
		-1
	 Afghanistan 	-1
		-1
		-1
 Thursday's 		"-1
"
	 city,  the  in  compound  agency  intelligence  Afghan 	-1
	 Sumbwa. 	-1
 Friday 	 city,  Raba  of  south  miles)  (44  km  71  archipelago,  Indonesian  the  in  Sumbawa  of  island 	1
		-1
	 Japan,  northeast 	-1
 Wednesday 	 Tokyo  of  northeast 	1
		-1
 year.  every 	 Japan 	1
		-1
 2011  March 	 coast,  northeast  Japan’s 	1
 April 	 prefecture  Kumamoto  Japan’s  southern 	1
 after  years  Twelve 	 Thailand.  Asia 	1
 2004 	 Thailand  Asia’s 	1
 26  December 		"-1
"
	 Ocean  Indian 	-1
 2004 		"-1
"
 2004  26,  December 		"-1
"
 years  12 		"-1
"
	 islands:  Solomon 	-1
 Tuesday, 	 Islands  Solomon 	1
 weeks  two  than  less 	 north  Australia’s  to  islands 	1
		-1
 weeks  two  than  less 	 Solomons, 	1
	 States.  United  north-eastern 	-1
	 Maine.  south-west  to  Pennsylvania  eastern 	-1
		-1
	 north-east,  the  of  parts  many 	-1
		-1
	 Monday.  Road  Main  Uttanahalli  towards  Hills  Chamundi  atop  area  forest  reserve 	-1
 3.45pm 	 Road.  Main  Uttanahalli  near  Hills  Chamundi 	1
		-1
		-1
	 Hills.  Chamundi  from  km  2 	-1
	 hills  the  of  portion  large 	-1
		-1
		-1
	 coast,  Gujarat  off 	-1
	 coast  Gujarat  the  off 	-1
 today.  PM  6 		"-1
"
	 compartment  crew 	-1
		-1
	 India.  North 	-1
 Saturday 	 Pradesh,  Himachal  and  Kashmir  and  Jammu  including  States,  northern 	1
 p.m.  7  hours  early  the  in 		"-1
"
	 Muzaffarnagar  with  Pradesh,  Uttar  eastern 	-1
	 Kashmir,  and  Jammu 	-1
	 Keylong  with  State  the  of  parts  most  Pradesh,  Himachal 	-1
	 Delhi. 	-1
 night 	 capital 	1
		-1
		-1
	 Kupwara.  Kashmir’s  and  Jammu 	-1
 evening,  Friday 	 district  Kupwara  Kashmir’s  north 	1
		-1
	 India.  southern 	-1
 1999. 	 coastline, 	1
		-1
	 Bhubaneswar.  capital  state  the  from  miles  60  around  Kendrapara, 	-1
	 villages,  11 	-1
	 city.  Sapporo  Japan’s 	-1
	 Japan  northern  in  residence  low-rent 	-1
 night’s  Wednesday 	 Hokkaido,  of  island  the  on  Sapporo,  of  city 	1
		-1
 2010,  March 		"-1
"
	 Pakistan. 	-1
 Wednesday, 	 Afghanistan  northeast 	1
	 mountains,  Kush  Hindu  the  in  Kabul  of  northeast  miles)  (167  km  270  India,  of  parts  capital  Afghan 	-1
	 China.  in  plant  steel 	-1
	 province  Guizhou  southwest  China’s  in  plant  steel  and  iron 	-1
	 city,  Liupanshui  in  Limited  Company  Steel  and  Iron  Shuicheng  Shougang 	-1
 Wednesday’s 		"-1
"
		-1
	 court.  sessions  Lahore’s 	-1
 Wednesday 	 Punjab.  Pakistan’s  of  capital  the  Lahore,  in  court  sessions  the  of  premises 	1
		-1
		-1
		-1
	 Karachi 	-1
 Friday 	 Karachi,  of  city  port  Pakistani 	1
 Friday 		"-1
"
		-1
		-1
		-1
 Monday 		"-1
"
		-1
 January. 		"-1
"
 January, 		"-1
"
	 Kashmir.  and  Jammu 	-1
		-1
 Wednesday. 	 Tangdar  and  Uri  of  areas  border 	1
	 sector.  Uri  in  Bijhama  village  border  near  Bahak  Dhaki 	-1
	 road,  Kupwara-Karnah  on  top  Sadhna 	-1
	 Rajouri 	-1
 Monday 	 Kashmir,  and  Jammu  of  sector  Rajouri 	1
 night’s  last 	 sector  Rajouri  the  in  (LoC)  control  of  line  the  along  side  Pakistani  the 	1
 night  “Last 	 area,  Rajouri  in  LoC  the  along  side  Pakistan 	1
	 Rajouri  of  sectors  Sunderbani  and  Nowshera  in  LoC  the  along  areas  civilian  and  posts  Indian 	-1
 afternoon,  the 	 areas.  civilian  and  posts  Indian  targeting  sector  Sunderbani 	1
 hours  four  for  Tuesday, 	 Rajouri,  in  LoC 	1
	 Kashmir  and  Jammu  in  (IB)  Border  International  the  and  LoC 	-1
 29.  September 	 PoK 	1
		-1
 morning.  Saturday 	 highway  Srinagar-Jammu 	1
	 Kashmir.  South  in  Qazigund,  Hillar, 	-1
	 Benghazi 	-1
 Wednesday, 	 Benghazi  of  city  eastern  Libya's 	1
 evening  Tuesday 	 district.  Salmani  Al  central  Benghazi's  in  mosque 	1
 later,  minutes  15 		"-1
"
		-1
	 Jakarta: 	-1
 Tuesday 	 Jakarta  capital  Indonesia's 	1
		-1
		-1
 mid-December. 	 island  Java  on  Cipatujah  of  town  coastal 	1
		-1
 2016,  December 	 Aceh  of  province  western  Indonesia's 	1
 2004 	 Aceh 	1
	 Indonesia.  Ocean,  Indian 	-1
	 Alaska 	-1
 Tuesday,  of  hours  early 	 Alaska  of  Gulf 	1
 GMT,  0931 	 Alaska  Chiniak,  of  southeast  miles)  (157  km  256 	1
		-1
	 Maharashtra  in  region  Koyna 	-1
 Sunday,  on 	 Maharashtra  in  dam  Koyna  the  near  areas 	1
 am,  11.36 	 region  Koyna 	1
		-1
	 Lanka  Sri 	-1
	 Lanka,  Sri  of  parts  several 	-1
		-1
 night,  last 	 island  the  of  parts 	1
 afternoon 		"-1
"
	 Colombo.  capital  from  away  kms  200 	-1
	 Ecuador  of  coast 	-1
	 Ecuador  of  coast 	-1
 year.  last 		"-1
"
 am  6  after 	 country.  the  across  provinces  12 	1
		-1
 2016.  April 	 coast  Pacific  Ecuadors 	1
	 ocean,  Pacific  in  Micronesia 	-1
 Friday, 	 Ocean  Pacific  the  in  Micronesia  in  Yap  of  east-northeast 	1
	 Alaska  the 	-1
	 Bali’s 	-1
 Friday 	 Bali  of  island  resort  Indonesian 	1
 morning  Friday 	 direction,  westward 	1
 21  November 		"-1
"
	 plant  gas  natural 	-1
 Tuesday 	 Slovakia  with  border  Austria’s  near  facility  gas  natural 	1
 morning  the  in 	 Vienna,  of  east  March,  der  an  Baumgarten  in  plant 	1
		-1
	 plant, 	-1
	 depot  Houthi  Yemen’s 	-1
 Sunday 	 Hajjah,  of  province  northwestern  Yemeni 	1
		-1
 Sunday’s 		"-1
"
	 Chile  southern 	-1
 Saturday 	 park,  national  popular  a  near  Chile  southern  in  village  small 	1
	 valley.  river  flooded 	-1
		-1
		-1
 2008, 	 Chaiten 	1
	 mall  shopping  Philippines 	-1
	 Philippines  the  in  mall  shopping  a 	-1
 Saturday 	 floor,  upper  the  on  business  outsourcing  an  engulfed  quickly  and  level  third  mall’s  the  on  store  furniture 	1
	 Jaipur 	-1
 night  Friday 	 Jaipur  of  city  walled  the  of  parts 	1
		-1
 Saturday,  on  pm  8  to  night  Friday  late  am  2 	 stations  police  Gate  Galta  and  Chowk  Subhash  Chowk,  Manak  Ramganj, 	1
	 York  New 	-1
	 building  apartment  City  York  New 	-1
 Thursday  on  GMT)  (midnight  EST  7pm 	 upstairs,  spread  quickly  and  building  brick  a  of  floor  first 	1
		-1
		-1
	 nightclub  Bronx 	-1
 2007 	 building.  Bronx 	1
	 district  Tirunelveli  Nadu's  Tamil 	-1
	 night  Wednesday 	-1
 9pm 	 Thenmalai  to  Thirumalaikovil  from  and  Tenkasi  and  Paimpozhil  Vadakarai,  Achampudur,  Melagaram, 	1
 seconds.  three  to  two 	 taluks  Tenkasi  and  Kadayanallur  Sengottai, 	1
		-1
	 Tibet 	-1
 mid-November  Wednesday 	 Tibet 	1
 mid-November 	 Tibet,  in  County  Mainling 	1
		-1
	 Tibet  in  river  Brahmaputra 	-1
		-1
		-1
	 Tenkasi 	-1
 pm.  9.10  to  9  night  Wednesday 	 district  Tirunelveli  in  Tenkasi 	1
	 Thenmalai  to  Thirumalaikovil  from  and  Tenkasi  and  Paimpozhil  Vadakarai,  Achampudur,  Melagaram, 	-1
 years.  six  last 	 Vadakarai 	1
 2001. 		"-1
"
	 Taluks  Tenkasi  and  Kadayanallur  Sengottai,  in  villages 	-1
 seconds.  three  to  two  only 		"-1
"
	 island;  Java  Indonesia’s 	-1
	 island  Java  populated  densely  Indonesia's 	-1
 Friday  on  11:47pm 	 Jakarta,  capital  the  in  away  miles)  (124  kilometers  200  about  including  island,  the  across  felt 	1
 seconds  30 		"-1
"
 20-second 		"-1
"
		-1
	 Meghalaya 	-1
 Monday. 	 Meghalaya 	1
 am.  9.05 		"-1
"
	 Marol  Mumbai's 	-1
 Thursday, 	 Marol  suburban  in  building  residential  a  of  floor  upper 	1
	 East.  Andheri  in  Marol  at  building  Manzil  Mamoon  plus  Ground  of  floor  fourth 	-1
		-1
		-1
		-1
		-1
 Thursday 	 capital  Greek  the  of  fringes  western  the 	1
 Wednesday’s 	 Athens.  of  west  district  Peramos  Nea 	1
 Wednesday’s 		"-1
"
 Thursday, 	 capital  Greek 	1
		-1
		-1
	 Coast:  Ivory 	-1
 today, 	 Abidjan  near  Coast  Ivory 	1
		-1
		-1
		-1
 Thursday 	 province  Papua  Indonesia’s 	1
	 Indonesia 	-1
	 Papua 	-1
 December 	 Papua, 	1
 2015,  August 	 Papua 	1
		-1
 September, 		"-1
"
		-1
		-1
		-1
 20,  September 		"-1
"
		-1
		-1
	 showroom  textile  Chennai 	-1
 morning  Wednesday 	 Nagar  T  at  showroom  textile  Silks  Chennai 	1
		-1
	 region  Chamba 	-1
	 region.  Chamba  of  area  Dand  and  Kihar 	-1
		-1
		-1
 Saturday. 	 district,  Morigaon  Assam's  in  villages  several 	1
	 district.  the  of  circle  revenue  Mayong  under  villages  several 	-1
		-1
	 unit  fertiliser  Bangladesh: 	-1
 Tuesday. 	 Chittagong,  of  city  port  Bangladesh’s  in  unit  fertiliser 	1
 night  Monday 	 river  Karnaphuli  of  bank  the  on  Limited  Company  Fertiliser  DAP 	1
 night.  last  PM  11:30 		"-1
"
		-1
	 streets  Noida 	-1
 Sunday. 	 Noida,  Greater  and  Noida 	1
 evening,  Sunday 	 Noida  Greater  and  Noida 	1
	 maharashtra 	-1
 2012. 	 India  in  Maharashtra 	1
 2013 	 Maharashtra. 	1
		-1
		-1
	 districts  Dhule  and  Jalgaon  Jalna,  Aurangabad,  Nanded,  Osmanabad,  Latur,  Nashik.  and  Beed  Satara,  Pune,  Sangli,  Ahmednagar,  Solapur,  are  Maharashtra  in  areas 	-1
	 Indonesia 	-1
	 Java  of  island  main  Indonesia's 	-1
 week,  last 	 Java  east  in  landslide  single 	1
		-1
 week.  last 	 island  populous  most  Indonesia's 	1
		-1
		-1
 February 	 Bali 	1
	 Java.  West  Garut, 	-1
 year,  last  September 		"-1
"
	 Pradesh  Andhra 	-1
 Monday. 	 Pradesh,  Andhra 	1
		-1
	 Philippine 	-1
		-1
	 Philippines 	-1
		-1
	 Sea  Sulu 	-1
	 province,  Bukidnon 	-1
		-1
		-1
	 Philippines 	-1
 week,  Last 	 Philippines  central 	1
 2013, 		"-1
"
	 coast  Vietnam 	-1
	 Vietnam 	-1
	 region,  the  across  blackouts  widespread  caused  Damrey 	-1
 month,  a  in 	 Vietnam 	1
	 mosque  Nigeria 	-1
	 Mubi,  of  town  Nigerian  north-eastern  the  in  mosque 	-1
 Tuesday 	 state  Adamawa 	1
	 markets.  and  mosques  as  such  places,  public  crowded 	-1
 September. 	 state  Borno 	1
	 region,  the  in  state  Islamic 	-1
		-1
 Wednesday. 	 plaza,  toll  Keerambur 	1
		-1
		-1
 Friday. 	 section  Coimbatore–Mettuppalayam  the  on  road  Idigarai  to  Narashimanaickenpalayam 	1
		-1
	 Bareilly 	-1
 evening.  Wednesday 	 Bareilly 	1
		-1
		-1
 pm  6.30 	 crossing  railway  gated  Gosia 	1
	 Africa  South 	-1
 Tuesday 	 Johannesburg,  city  main  Africa’s  South 	1
	 Africa.  South  central 	-1
	 Telangana 	-1
 morning.  Thursday 	 district  Medak  of  village  Masaipet 	1
 morning  Thursday  on  9.10am 		"-1
"
		-1
	 Uttarakhand;  Himachal,  J-K, 	-1
	 UP 	-1
 on Friday, 	 Uttarakhand  and  Pradesh  Himachal  Kashmir,  and  Jammu 	1
		-1
	 Highway  National  Delhi-Lucknow  Pradesh  Uttar 	-1
	 coast,  east  US 	-1
 today, 	 coast  east  the  slammed  capital  US 	1
	 DC,  Washington  to  addition  in  Kentucky,  and  York  New  Jersey,  New  Pennsylvania,  Virginia,  Maryland,  Tennessee,  Carolina,  North  Georgia, 	-1
		-1
		-1
		-1
 hours  36 		"-1
"
	 Studio  Annapurna 	-1
 evening.  Monday 	 Hills  Banjara  in  studio  Annapurna 	1
 evening.  the  in  6:30pm 		"-1
"
		-1
		-1
	 Kupwara  Kashmir’s  and  Jammu 	-1
 evening,  Friday 	 district  Kupwara  Kashmir’s  north 	1
		-1
	 Madurai  near  shop  Tasmac 	-1
 morning  Wednesday 	 Nadu  Tamil  of  district  Madurai  in  Melur  near  shop  Tasmac 	1
		-1
		-1
		-1
		-1
		-1
 Tuesday 	 resort,  ski  Japanese 	1
		-1
	 Tokyo,  of  northwest  Shirane,  Kusatsu  Mt. 	-1
		-1
		-1
		-1
		-1
 2014,  27,  September 	 Nagano  central  in  Ontake,  Mount 	1
 1983.  since 		"-1
"
	 Portugal  central 	-1
 afternoon  Saturday 	 Grande  Pedrogao  of  municipality 	1
		-1
		-1
 Saturday, 	 regions.  several 	1
	 mainland.  the  of  km  square  1,000 	-1
 2016  August 	 Madeira  of  island 	1
	 Madagascar, 	-1
 1898 	 Madagascar 	1
 week  last 	 capital,  Madagascar’s 	1
	 island  Ocean  Indian 	-1
 2014 	 Africa,  West 	1
	 highlands.  rural 	-1
		-1
		-1
		-1
		-1
 August, 		"-1
"
 1898 	 Madagascar 	1
	 Madagascar 	-1
		-1
	 Madagascar. 	-1
 month  last 		"-1
"
 Tuesday. 	 Madagascar 	1
	 house,  Rajabazar 	-1
 Sunday  on  4.25pm  around 	 Rajabazar,  Street,  Dinendra  Raja  on  building  two-storey  a  of  floor  first 	1
		-1
	 building.  adjacent 	-1
		-1
	 building, 	-1
		-1
		-1
 Saturday, 	 area  industrial  Waluj  the  in  Company  Ltd  Private  Auto  Metalman 	1
		-1
	 Cuttack. 	-1
 Sunday. 	 city  the  of  locality  Palamandap  busy  the  in  store  garment  three-storey 	1
		-1
 am,  11.25 		"-1
"
		-1
		-1
		-1
 4,  January 	 Bhubaneswar.  in  Damana  at  mall  shopping 	1
		-1
		-1
		-1
 Sunday  on  hours  earlyl 	 district.  Dindigul  in  Sempatti 	1
		-1
	 Pradesh  Madhya 	-1
 am  4.15  around 	 Sithaiyankottai. 	1
		-1
 night  late  Saturday 	 Baraut.  Baghpat’s 	1
		-1
		-1
 night.  Saturday 	 Baraut  in  road  Binauli 	1
		-1
		-1
	 Nanjangud.  in  godown 	-1
	 noon.  Sunday  town  Nanjngud  in  Nagar  Vinayak  at  godown 	-1
		-1
		-1
		-1
	 Expressway,  Mumbai-Pune 	-1
 Sunday.  on  early 	 Expressway  Mumbai-Pune  the  of  lane  third 	1
	 village.  Kon  near  tunnel  Bhatan 	-1
 3.30am. 		"-1
"
	 Dantewada.  Chhattisgarh's 	-1
 Sunday. 	 district  Dantewada  Chhattisgarh's 	1
	 village  Gatam 	-1
 night,  last 	 Gatam,  at  house  Podiyam's 	1
		-1
 Saturday.  of  hours  early 	 city  the  of  outskirts  the  on  Chettipalayam  near  Road  Bypass  L&T 	1
		-1
	 Chettipalayam,  at  Thottam  Kallankadu 	-1
		-1
		-1
		-1
		-1
 Sunday. 	 Kalyan 	1
		-1
		-1
		-1
	 2005,  26,  July  since 	-1
 29.  August 	 areas.  Sakinaka  Andheri,  Kurla,  Central,  Mumbai  Dadar,  Sion,  areas  suburban  the  and  Mumbai 	1
 2017,  19,  September 	 areas  low-lying 	1
	 Mumbai. 	-1
 Sunday. 		"-1
"
	 India,  northern 	-1
	 Delhi-NCR. 	-1
 Wednesday 	 Valley,  Kashmir  the  and  capital  national  India,  north  of  parts  several  region  border  Afghanistan-Tajikistan 	1
	 Valley,  Kashmir  the  as  well  as  region  Delhi-NCR 	-1
		-1
		-1
	 Valley, 	-1
		-1
 2005  October 	 Control.  of  Line  the  of  side  either  on  Kashmir  and  Jammu  of  parts  wide 	1
	 Japan: 	-1
 Wednesday, 	 Japan 	1
	 Honshu,  of  island  the  of  northeast  miles)  (64  km  103 	-1
	 Japan, 	-1
 Tuesday, 	 here  of  northwest 	1
		-1
	 Gunma 	-1
	 Kusatsu-machi,  in  Resort  Ski  International  Kusatsu  neighbouring 	-1
		-1
	 Aligarh 	-1
 Friday.  on  am  3:45  around 	 Aligarh 	1
 morning  Sunday 	 Atrauli, 	1
	 Syria 	-1
 Monday 		"-1
"
	 Ghouta  Eastern  of  region 	-1
	 Ghouta,  Eastern  in  areas  several 	-1
	 Sawa,  Beit  of  town  the  in  market 	-1
	 Hazzeh.  of  town 	-1
	 region,  besieged  the  of  rest 	-1
	 Ghouta,  Eastern 	-1
 Friday, 		"-1
"
	 Touma.  Bab  of  district  regime-controlled  capital's  the  onto  Ghouta  Eastern 	-1
		-1
 Monday, 	 provinces  Pul  Sari  and  Faryab  Badakhshan,  northern 	1
	 district,  Wardoj  province’s  Badakhshan 	-1
	 Faryab,  of  district  Tagab  Shirin 	-1
		-1
	 Karachi. 	-1
 Monday 		"-1
"
		-1
	 Park,  Zamzama  near  area  Clifton  Karachi’s 	-1
		-1
	 Hyderabad.  in  GHMC  in  office 	-1
 Tuesday  on  early 	 room.  audit  office,  Zone  Central  GHMC’s 	1
	 building  three-floor 	-1
 weeks.  two  last 	 office  government 	1
 24,  January 	 Khairatabad,  in  also  incidentally  office,  Authority’s  Transport  Road  of  floor  first 	1
	 RTA 	-1
 Tuesday’s 	 office  GHMC 	1
	 room  audit 	-1
	 GHMC 	-1
 Wednesday. 		"-1
"
 Tuesday 	 Station  Rail  Metro  City  Hitech  under-construction 	1
		-1
	 Mysuru: 	-1
		-1
	 estate.  industrial  Mumbai  in  mill  cloth 	-1
 morning, 	 Goregaon  suburban  in  mall  Oberoi  the  near  Estate  Industrial  Italian  the  in  mill  cloth 	1
 am,  7.19 	 Road,  Link  Mulund  on  located  building  three-storey  the  of  floor  ground 	1
 19,  January 	 area.  Parel  Lower  in  Compound  Mills  Todi  the  in  studio  Navrang 	1
 8,  January 	 building  court  sessions  the  of  floor  third 	1
 6,  January 	 Kanjurmarg,  suburban  in  studio  Cinevista 	1
 4,  January 		"-1
"
	 Marol  suburban  in  building  residential  a  of  floor  upper 	-1
	 church,  Egypt 	-1
 year  last 		"-1
"
 Friday, 	 capital  Egypt's  in  church 	1
		-1
	 area.  Helwan  in  church  Mina  Mar 	-1
	 church,  Cairo  south 	-1
		-1
 7.  January  on  Day  Christmas  orthodox  and  year  new  the  of  celebration  Coptic 		"-1
"
 year  last 		"-1
"
	 Uttarakhand.  in  gorge 	-1
 Wednesday. 	 Uttarakhand  of  area  Sawala  Champawat's  in  gorge 	1
	 Tanakpur.  Pithoragarh 	-1
		-1
		-1
	 highway.  national  Pathankot-Jalandhar 	-1
		-1
 today. 	 road  Malout 	1
		-1
	 Abohar  in  mill  flour 	-1
		-1
	 Maharashtra.  in  Thane 	-1
 morning,  Tuesday 	 areas  surrounding  and  Thane 	1
	 am.  2.21 	-1
	 region.  Thane 	-1
	 Mandi.  Himachal’s 	-1
 Friday, 	 Pradesh  Himachal  of  region  Mandi 	1
		-1
 another  2,  October 	 region.  Chamba 	1
 1905 	 Valley,  Kangra 	1
	 Haryana 	-1
	 Haryana, 	-1
	 stores  US 	-1
 evening  Tuesday 	 Road,  Ferry  Burnett  on  Stop  Quick  Tech  Hi 	1
		-1
	 Beverage,  and  Food  Street  Elm  store,  convenience 	-1
		-1
	 factory;  medicine 	-1
	 here,  locality  Kundanpura  in  factory  medicine 	-1
 Thursday. 		"-1
"
		-1
		-1
		-1
 evening  this  late 	 road.  Sriganganagar-Srikaranpur 	1
		-1
	 Panipat, 	-1
 today. 	 area  Madlauda  in  road  village  Assan-Khandra 	1
		-1
		-1
 today. 	 road  Radaur 	1
		-1
		-1
 Wednesday. 	 Ambala  in  Naraingarh  of  village  Gaddoli 	1
		-1
		-1
	 Nahan  Dharamsala  Palampur  Una  Shimla  Solan  Bhuntar  Kalpa  Manali  state  the  of  parts  most 	-1
		-1
 morning. 	 village  Ghaluwal 	1
		-1
 today 	 Nizamuddin,  near  flyover  Barapullah 	1
		-1
	 Champawat. 	-1
 morning. 	 district  Champawat  in  road  Tanakpur-Pithoragarh  the  on  temple  Swala 	1
	 temple.  the  near 	-1
		-1
		-1
	 India,  northern 	-1
	 Delhi-NCR. 	-1
 Wednesday 	 Valley,  Kashmir  the  and  capital  national  India,  north  of  parts  several  border  Afghanistan-Tajikistan 	1
	 Valley,  Kashmir  the  as  well  as  region  Delhi-NCR 	-1
		-1
		-1
	 Valley, 	-1
		-1
 2005  October 	 Control.  of  Line  the  of  side  either  on  Kashmir  and  Jammu  of  parts  wide 	1
	 Tonga 	-1
 Monday 	 Samoa.  nation  island  Pacific  Tonga 	1
 Friday,  overnight 	 Samoa 	1
 night.  Monday 	 Tongatapu.  island  populous  most  Tonga's  of  east  kilometres  370  Tonga 	1
 2016 	 Fiji 	1
 2015. 	 Vanuatu 	1
		-1
	 England.  New  state  York  New  Chicago,  Friday,  Midwest  US  northern 	-1
 2016  late 	 Michigan.  and  Illinois  northern  Wisconsin,  area  metropolitan  Chicago's 	1
	 Michigan.  Montana 	-1
	 Midwest 	-1
	 state  York  New 	-1
		-1
 Monday. 		"-1
"
		-1
	 city,  Srinagar  of  heart 	-1
		-1
		-1
	 Hospital  SMHS 	-1
		-1
 Jammu,  of  area  Sunjwan 		"-1
"
	 factories.  shoe  Delhi  two 	-1
 Monday 	 Narela.  and  Area  Industrial  Mangolpuri  Delhi’s  in  factories  shoe 	1
 2,  February  on  Earlier 	 Peeragarhi,  Delhi’s 	1
	 store  US 	-1
	 Georgia.  of  state  US  the  in  stores  convenience  two 	-1
 evening  Tuesday 	 Road.  Ferry  Burnett  on  Stop  Quick  Tech  Hi 	1
		-1
	 store  convenience  another 	-1
		-1
	 district.  Gajapati  Odisha’s  in  gorge 	-1
	 district.  Gajapati  Odisha’s  in  gorge  50-ft-deep 	-1
	 gorge.  deep 	-1
	 Mussoorie 	-1
 Tuesday 	 town.  Mussoorie  of  station  hill 	1
 morning. 		"-1
"
	 suffered  industry  tourism  Mussoorie.  neighbouring  Surkunda,  and  Burashkhanda  Nagtibba,  Dhanaulti, 	-1
	 Srinagar 	-1
 today  30-hour-long 	 city  Srinagar 	1
 Monday. 	 Nagar  Karan  at  building  multi-storey  under-construction 	1
 afternoon. 		"-1
"
		-1
		-1
 am,  1  around 	 building  the  inside 	1
		-1
	 Ward  9th  Lower 	-1
	 Gras  Mardi  from  miles  of  couple 	-1
	 Ward.  9th  Lower  the  in  Avenue  Claude  St.  of  block  5100  the  in  station  gas 	-1
	 agency  spy  US 	-1
 morning  Wednesday 	 Maryland.  Meade,  Fort  in  headquarters  Agency  Security  National  US 	1
		-1
		-1
		-1
		-1
